	Username	Text	mentions	retweets	hastags	geo	favorites	date	month	day	hour
0		Raising a giant cup in support for a truly amazing PhD supervisor Dr Margaret Hodgins and colleagues #solidariTEA pic.twitter.com/nulsgCCvyG		1	#solidariTEA		3	2017-12-07 23:21:08	12	7	23
0		@NUIGsolidariTEA @MichelineShSk this makes it four continents supporting #solidariTEA thanks for the support for our colleagues. https:// twitter.com/orlamccormack3 0/status/938888572651712512 …	@NUIGsolidariTEA @MichelineShSk	3	#solidariTEA		2	2017-12-07 23:19:57	12	7	23
0		Fantastic #solidariTEA well done all @NUIGsolidariTEA We are all in support of you and inspired by you! Keep strong https:// twitter.com/michelineshsk/ status/938854122027147266 …	@NUIGsolidariTEA	5	#solidariTEA		6	2017-12-07 22:59:28	12	7	22
0		I’m a bit late as didn’t have WiFi in the university. Raised a cup with our Egyptian partners in #SolidariTea with our NUIG colleagues pic.twitter.com/lGhwZ9IJZH		8	#SolidariTea		17	2017-12-07 22:50:54	12	7	22
0		Is this Hong Kong?? That's four continents supporting the four women! #solidariTEA @NUIGsolidariTEA @FemSocNUIG @NUIGSU https:// twitter.com/fdelond/status /938725164761595904 …	@NUIGsolidariTEA @FemSocNUIG @NUIGSU	3	#solidariTEA		14	2017-12-07 22:34:19	12	7	22
0		NUIG urged to resolve issue of four women seeking promotion https://www. irishtimes.com/news/ireland/i rish-news/nuig-urged-to-resolve-issue-of-four-women-seeking-promotion-1.3319469 … @NUIGsolidariTEA #solidariTEA	@NUIGsolidariTEA	4	#solidariTEA		6	2017-12-07 22:13:42	12	7	22
0		#solidariTEA moved by the support at NUI Galway and around the world today for the female academics here - its time for a change of culture and our AthenaSwan recognition https://www. irishtimes.com/news/ireland/i rish-news/nuig-urged-to-resolve-issue-of-four-women-seeking-promotion-1.3319469 …		7	#solidariTEA		18	2017-12-07 21:48:31	12	7	21
0		@Afshin_Samali sorry your bun got robbed today! but it was all in aid of #solidariTEA	@Afshin_Samali	0	#solidariTEA		1	2017-12-07 21:18:52	12	7	21
0		Solidarity with our four colleagues fighting for gender justice in NUIG in UCD this morning @NUIGsolidariTEA #solidariTEA pic.twitter.com/GRZVbklD83	@NUIGsolidariTEA	3	#solidariTEA		14	2017-12-07 21:05:56	12	7	21
0		The 4 heroes who's courage and strength was celebrated today in #solidariTEA events across the country and beyond! @NUIGsolidariTEA https:// twitter.com/maigheox2/stat us/938746151255322624 …	@NUIGsolidariTEA	5	#solidariTEA		12	2017-12-07 20:55:17	12	7	20
0		Solidarity from CGFS to @NUIGsolidariTEA - donuts for gender justice in #solidariTEA with our colleagues and sisters in NUIG earlier this morning in UCD. pic.twitter.com/1pI5pi0Kmz	@NUIGsolidariTEA	1	#solidariTEA		4	2017-12-07 20:45:36	12	7	20
0		Yes!!! We've done it! There's been just such support in Ireland and on 3 continents for #solidariTEA that it's now trending in Ireland @nuigalway @NUIGsolidariTEA @FemSocNUIG https:// twitter.com/TrendsIreland/ status/938760090533941248 …	@nuigalway @NUIGsolidariTEA @FemSocNUIG	11	#solidariTEA		27	2017-12-07 20:34:00	12	7	20
0		To the v brave and corageous women #NUIG4 and all staff&student supporters @nuigalway thanks for a great event today #solidariTEA @NUIGsolidariTEA	@nuigalway @NUIGsolidariTEA	1	#NUIG4 #solidariTEA		1	2017-12-07 20:32:46	12	7	20
0		Having my #solidariTEA a little late. Kettle broke this morning, and then I couldn’t make the actual @NUIGsolidariTEA event. Better late than never! pic.twitter.com/W8S65cPTsW	@NUIGsolidariTEA	0	#solidariTEA		3	2017-12-07 20:13:55	12	7	20
0		Very appropriate. The Sheehy Skeffs don't go away..... #solidariTEA https:// twitter.com/gender_ucd/sta tus/938728523958771717 …		4	#solidariTEA		24	2017-12-07 20:13:03	12	7	20
0		Health promotion MA students popped over for a cuppa and cake between lectures today. Supporting the four lecturers fighting gender bias @nuigalway #solidariTEA https:// twitter.com/catchfield/sta tus/938721510243602437 …	@nuigalway	4	#solidariTEA		10	2017-12-07 19:56:23	12	7	19
0		If #feminism means women should have equal career promotion tracks and salaries as men, i am #feminist too. #solidariTEA w/ @HPRC_NUIG colleagues https:// twitter.com/catchfield/sta tus/938721510243602437 …	@HPRC_NUIG	1	#feminism #feminist #solidariTEA		4	2017-12-07 19:52:05	12	7	19
0		One more solidaritea today! #solidariTEA with Jamie Gorman & Anne Byrne pic.twitter.com/3M86tklGq6		2	#solidariTEA		23	2017-12-07 19:44:47	12	7	19
0		-and the Oireachtas again! Lovely support #solidariTEA @nuigalway @FemSocNUIG @NUIGSU https:// twitter.com/JanOSullivanTD /status/938745431277830149 …	@nuigalway @FemSocNUIG @NUIGSU	3	#solidariTEA		7	2017-12-07 18:49:52	12	7	18
0		This is Margaret's team! @mph21mph @NUIGsolidariTEA today #solidariTEA https:// twitter.com/catchfield/sta tus/938721510243602437 …	@mph21mph @NUIGsolidariTEA	2	#solidariTEA		7	2017-12-07 18:44:39	12	7	18
0		Go King's College! Looks great #solidariTEA @nuigalway @FemSocNUIG https:// twitter.com/WorksShe/statu s/938715429563961345 …	@nuigalway @FemSocNUIG	1	#solidariTEA		7	2017-12-07 18:38:24	12	7	18
0		...and of course UCD In 'my grandmother's building'! #solidariTEA https:// twitter.com/gender_ucd/sta tus/938718867886571520 …		3	#solidariTEA		11	2017-12-07 18:35:44	12	7	18
0		Senior staff in TCD here! #solidariTEA @nuigalway https:// twitter.com/TrinityGSU/sta tus/938725315035254785 …	@nuigalway	2	#solidariTEA		11	2017-12-07 18:33:49	12	7	18
0		Great to see so much student support -Students' Union & FemSoc in this pic @NUIGSU @FemSocNUIG @nuigalway #solidariTEA https:// twitter.com/NUIGsolidariTE A/status/938719703970844678 …	@NUIGSU @FemSocNUIG @nuigalway	1	#solidariTEA		5	2017-12-07 18:28:21	12	7	18
0		great morning at #solidariTea with UCD colleagues from #genderstudies #equalitystudies and across the university https:// twitter.com/gender_ucd/sta tus/938712553416519680 …		0	#solidariTea #genderstudies #equalitystudies		4	2017-12-07 18:15:46	12	7	18
0		Raised my coffee cup to this today. I want to to be justly proud of my alma mater @nuigalway #solidariTEA pic.twitter.com/1T8PHlFvnQ	@nuigalway	0	#solidariTEA		2	2017-12-07 17:59:11	12	7	17
0		Thank you for the support #solidariTEA from San Fransisco. @NUIGsolidariTEA was a great success several hundred turned up at NUIG and many more around the world to demonstrate support.	@NUIGsolidariTEA	3	#solidariTEA		4	2017-12-07 17:52:34	12	7	17
0		Had a coffee stop earlier to celebrate from afar in the spirit of #solidariTEA https://www. instagram.com/p/BcaHSsAF15_/		0	#solidariTEA		4	2017-12-07 17:39:21	12	7	17
0		As an @NUIGLaw grad, I'm proud to raise a mug in full support and #solidariTEA to @NUIGsolidariTEA pic.twitter.com/A9WSbVoQCS	@NUIGLaw @NUIGsolidariTEA	2	#solidariTEA		7	2017-12-07 17:25:19	12	7	17
0		Sorry to have missed the coffee morning in #NUIG for #genderequality but definitely raising a cup in #solidariTEA !		1	#NUIG #genderequality #solidariTEA		3	2017-12-07 17:22:26	12	7	17
0		Equality for women in NUI Galway gets cross party support from our Senators and TD's in the #Oireachtas #solidariTEA thanks @ivanabacik and @aliceeire for this event. https:// twitter.com/cathmartingree n/status/938748788239421441 …	@ivanabacik @aliceeire	2	#Oireachtas #solidariTEA		8	2017-12-07 17:13:33	12	7	17
0		Great to see our Senators and TD's support equality #solidariTEA		0	#solidariTEA		2	2017-12-07 16:52:02	12	7	16
0		Senators supporting #solidariTEA @solidariTEA https:// twitter.com/BoyhanVictor/s tatus/938763044959735808 …	@solidariTEA	2	#solidariTEA		2	2017-12-07 16:50:51	12	7	16
0		No special treatment, just equal opportunities unimpeded by subconscious or deliberate bias. It's not a lot to ask. From UL to NUIG, here's to #solidariTEA #WomenInAcademia #WomenInScience pic.twitter.com/TxOB6fo0Hf		2	#solidariTEA #WomenInAcademia #WomenInScience		11	2017-12-07 16:50:32	12	7	16
0		Even the canines support #solidariTEA @NUIsolidariTEA https:// twitter.com/NiamhCullen6/s tatus/938791680882470918 …	@NUIsolidariTEA	0	#solidariTEA		0	2017-12-07 16:49:24	12	7	16
0		Raising a supportive cup of #solidariTEA to the women seeking gender equality at NUI Galway @NUIGsolidariTEA pic.twitter.com/EXnuL5nuGu	@NUIGsolidariTEA	0	#solidariTEA		5	2017-12-07 16:48:09	12	7	16
0		So so heartening to see the support for our colleagues far and wide #solidariTEA https:// twitter.com/NUIGsolidariTE A/status/938777921736658944 …		0	#solidariTEA		3	2017-12-07 16:46:37	12	7	16
0		Thank you for standing up for #genderequality @NUIGsolidariTEA #solidariTea pic.twitter.com/MIXiQwyWmh	@NUIGsolidariTEA	2	#genderequality #solidariTea		9	2017-12-07 16:25:53	12	7	16
0		The Samali/Gorman group from the @ARCresearchNUIG in full support of @NUIGsolidariTEA this morning! #SolidariTEA pic.twitter.com/o6HdkRZBvu	@ARCresearchNUIG @NUIGsolidariTEA	7	#SolidariTEA		21	2017-12-07 16:22:19	12	7	16
0		Great day for @nuigalway massive support @NUIGsolidariTEA Thanks everyone! Time for @nuigalway to #manup #solidariTEA @Afshin_Samali	@nuigalway @NUIGsolidariTEA @nuigalway @Afshin_Samali	2	#manup #solidariTEA		5	2017-12-07 16:18:11	12	7	16
0		#solidariTEA today for our colleagues in @NUIGsolidariTEA Standing up to gender discrimination and winning pic.twitter.com/UFEK76koRz	@NUIGsolidariTEA	0	#solidariTEA		3	2017-12-07 16:09:11	12	7	16
0		A bit late (and this is coffee not tea), but drinking in support of our colleagues @NUIGsolidariTEA #solidariTEA pic.twitter.com/UwTPOTB1JP	@NUIGsolidariTEA	0	#solidariTEA		6	2017-12-07 16:08:12	12	7	16
0		Taking a break between invigilations to support #solidariTEA @gcs_ul @NUIGsolidariTEA . pic.twitter.com/9Wx72C4jBp	@gcs_ul @NUIGsolidariTEA	1	#solidariTEA		14	2017-12-07 15:59:20	12	7	15
0		A bit late to the party but gender discrimination still sadly is all around! All #solidariTEA no shade to @NUIGsolidariTEA pic.twitter.com/AyxQjdt0RO	@NUIGsolidariTEA	1	#solidariTEA		12	2017-12-07 15:52:18	12	7	15
0		The doughnuts spelled out #solidariTEA . Thank you all for hosting this event! https:// twitter.com/gender_ucd/sta tus/938712553416519680 …		0	#solidariTEA		3	2017-12-07 15:46:12	12	7	15
0		We are grateful, and buoyed up, and even emotional (blame the cake) at the outpouring of support in Galway and across the world. Thank you all for showing #solidariTEA with us today.		8	#solidariTEA		37	2017-12-07 15:31:12	12	7	15
0		Edinburgh Scotland too! #solidariTEA @nuigalway https:// twitter.com/crowleyblab/st atus/938707859243708416 …	@nuigalway	1	#solidariTEA		8	2017-12-07 15:13:39	12	7	15
0		And in the Netherlands #solidariTEA @nuigalway https:// twitter.com/NadiaBernaz/st atus/938690640933720064 …	@nuigalway	3	#solidariTEA		12	2017-12-07 15:13:21	12	7	15
0		This is great support indeed! #solidariTEA @nuigalway https:// twitter.com/cathmartingree n/status/938748788239421441 …	@nuigalway	3	#solidariTEA		13	2017-12-07 14:45:28	12	7	14
0		Coffee for #solidariTEA to support the women dealing with #genderdiscrimination in NUI Galway @NUIGsolidariTEA pic.twitter.com/8pGzvtF0RJ	@NUIGsolidariTEA	3	#solidariTEA #genderdiscrimination		10	2017-12-07 14:45:21	12	7	14
0		Senators and T.D's supporting #solidariTEA for @NUIGsolidariTEA @BoyhanVictor @JanOSullivanTD @ivanabacik @aliceeire @cathmartingreen pic.twitter.com/bfWgofx7OF	@NUIGsolidariTEA @BoyhanVictor @JanOSullivanTD @ivanabacik @aliceeire @cathmartingreen	8	#solidariTEA		23	2017-12-07 14:32:05	12	7	14
0		I’m drinking some #solidariTea and sending support from Liverpool to @NUIGsolidariTEA pic.twitter.com/y6iBNgMsJU	@NUIGsolidariTEA	1	#solidariTea		16	2017-12-07 14:30:54	12	7	14
0		Delighted with the amount of support shown for the 4 lecturers at #solidariTEA today! @nuigalway must act to correct injustice and prevent further sexism & discrimination. Athena Swan award won't be won by inaction.	@nuigalway	1	#solidariTEA		5	2017-12-07 14:29:16	12	7	14
0		#solidariTEA equality coffee/tea morning was a great success. Many thanks @NUIGsolidariTEA organising committee. pic.twitter.com/vxwylZfxup	@NUIGsolidariTEA	2	#solidariTEA		11	2017-12-07 14:26:29	12	7	14
0		#solidaritea is now trending in Ireland https://www. trendsmap.com/r/IE_vitjmd pic.twitter.com/TqNP8kPixA		6	#solidaritea		7	2017-12-07 14:20:21	12	7	14
0		Thanks to all who came to our @NUIGsolidariTEA #solidariTEA event at #LeinsterHouse today @aliceeire @cathmartingreen @oclochartaigh pic.twitter.com/3vOr0i4F5g	@NUIGsolidariTEA @aliceeire @cathmartingreen @oclochartaigh	12	#solidariTEA #LeinsterHouse		30	2017-12-07 14:03:01	12	7	14
0		Showing some #solidariTEA with @NUIGsolidariTEA today pic.twitter.com/LnXqzFwf25	@NUIGsolidariTEA	4	#solidariTEA		11	2017-12-07 13:58:55	12	7	13
0		@folieadeuxed and myself out with #solidariTEA Femsoc, 8journal and NUIG students stand behind the 4 female lecturers. pic.twitter.com/ilrEwxPEBh	@folieadeuxed	6	#solidariTEA		8	2017-12-07 13:50:11	12	7	13
0		Listening to @kellycoate discuss her research on gender discrimination in higher education as part of #solidariTEA . https:// twitter.com/GSkupinski93/s tatus/938727625010315265 …	@kellycoate	5	#solidariTEA		6	2017-12-07 13:48:10	12	7	13
0		Myself @folieadeuxed @nagemtweets @sarahcantthink at #solidariTEA @NUIGsolidariTEA pic.twitter.com/iborKVnYZt	@folieadeuxed @nagemtweets @sarahcantthink @NUIGsolidariTEA	6	#solidariTEA		6	2017-12-07 13:47:18	12	7	13
0		@aoifelen @NUIGsolidariTEA Meeting for coffee to show our #solidariTEA for colleagues in NUIG pic.twitter.com/DatgC8cX1B	@aoifelen @NUIGsolidariTEA	6	#solidariTEA		12	2017-12-07 13:46:49	12	7	13
0		#solidariTEA pic.twitter.com/75dRwOfJF8		4	#solidariTEA		7	2017-12-07 13:43:42	12	7	13
0		Love it!! Having a cuppa in support #solidariTEA		3	#solidariTEA		4	2017-12-07 13:38:42	12	7	13
0		Great day for @nuigalway massive support @NUIGsolidariTEA #solidariTEA @Afshin_Samali pic.twitter.com/PIMzifhTiL	@nuigalway @NUIGsolidariTEA @Afshin_Samali	6	#solidariTEA		11	2017-12-07 13:37:03	12	7	13
0		Great to see cross party support at #solidariTEA for @NUIGsolidariTEA pic.twitter.com/MaD8z5wAIf	@NUIGsolidariTEA	12	#solidariTEA		33	2017-12-07 13:35:26	12	7	13
0		Running a bit late, but #solidariTEA to the 4 women fighting against gender discrimination in academia @NUIGsolidariTEA pic.twitter.com/jrDlbTS1wv	@NUIGsolidariTEA	13	#solidariTEA		52	2017-12-07 13:34:24	12	7	13
0		Showing support to the those opposing gender discrimination in the Irish Higher Education system #solidariTEA pic.twitter.com/tMr3bGpMTS		5	#solidariTEA		11	2017-12-07 13:33:22	12	7	13
0		#solidariTEA with the women of @nuigalway from Salford @NUIGsolidariTEA @uoswomensvoice pic.twitter.com/rfwGq5lKmK	@nuigalway @NUIGsolidariTEA @uoswomensvoice	6	#solidariTEA		15	2017-12-07 13:32:40	12	7	13
0		We support and salute our brave colleagues in @nuigalway who fight tirelessly to have the voices of women in higher education heard & injustices redressed - #solidariTEA from @LimerickIT @AppSocScs_LIT @AoifePTweet @lisascottpsych @stritchj @1mariewalsh pic.twitter.com/CU9XRlov6I	@nuigalway @LimerickIT @AppSocScs_LIT @AoifePTweet @lisascottpsych @stritchj @1mariewalsh	5	#solidariTEA		18	2017-12-07 13:31:53	12	7	13
0		Great turnout at #solidariTEA in Leinster House in support of @NUIGsolidariTEA ! pic.twitter.com/rBdrlId9Wa	@NUIGsolidariTEA	9	#solidariTEA		20	2017-12-07 13:27:58	12	7	13
0		in #solidariTEA with colleagues @gcs_ul @NUIGsolidariTEA @MichelineShSk fighting for #genderequality in higher ed pic.twitter.com/GuDxNsorDr	@gcs_ul @NUIGsolidariTEA @MichelineShSk	5	#solidariTEA #genderequality		18	2017-12-07 13:27:53	12	7	13
0		Good to support #solidariTEA @NUIGsolidariTEA , thanks to @ivanabacik and @aliceeire for organising pic.twitter.com/YdGA1q9iiG	@NUIGsolidariTEA @ivanabacik @aliceeire	14	#solidariTEA		36	2017-12-07 13:22:06	12	7	13
0		#solidariTEA from Liverpool :) pic.twitter.com/v8nPrjftDS		2	#solidariTEA		10	2017-12-07 13:12:16	12	7	13
0		The mug is from @LawUCC but the tea and I call @IrishCentreHR @NUIGLaw academic home these days. #solidariTEA @NUIGsolidariTEA pic.twitter.com/GJyQwkwA4Z	@LawUCC @IrishCentreHR @NUIGLaw @NUIGsolidariTEA	7	#solidariTEA		29	2017-12-07 13:09:09	12	7	13
0		At a conference - but still got to raise a cup in support of my colleagues @NUIGsolidariTEA #SolidariTEA #genderdiscrimination pic.twitter.com/coByVBkmI7	@NUIGsolidariTEA	4	#SolidariTEA #genderdiscrimination		12	2017-12-07 13:08:06	12	7	13
0		#SolidariTEA from Dr T (IN DCU, not OF DCU) I'm support #NUIG women fighting #genderdiscrimination @NUIGsolidariTEA pic.twitter.com/ib9h3JCZKe	@NUIGsolidariTEA	8	#SolidariTEA #NUIG #genderdiscrimination		15	2017-12-07 13:05:56	12	7	13
0		Sending #solidariTea to the discrimination-fighting superheroes of @NUIGsolidariTEA (And who among us is not now a 'Problem Region of Europe?' pic.twitter.com/HhO63yizFK	@NUIGsolidariTEA	7	#solidariTea		15	2017-12-07 13:05:23	12	7	13
0		Supporting nuigs work against gender discrimination with a nice cuppa at RCSI #solidariTEA @NUIGsolidariTEA pic.twitter.com/6GN6iclTvf	@NUIGsolidariTEA	8	#solidariTEA		13	2017-12-07 13:02:37	12	7	13
0		Too happy a mug to express how strongly I feel against gender discrimination in the workplace while I have #SolidariTEA to @NUIGsolidariTEA @nuigalway from The Hague pic.twitter.com/J3zTDpytVn	@NUIGsolidariTEA @nuigalway	9	#SolidariTEA		17	2017-12-07 12:57:50	12	7	12
0		the sun shone for #SolidariTEA today. amazing turnout, here at NUIG & globally. the campaign continues. photo with @DrRHilliard :) pic.twitter.com/O670Lkirrn	@DrRHilliard	7	#SolidariTEA		39	2017-12-07 12:55:59	12	7	12
0		The mugs are still useful! #solidariTEA https:// twitter.com/maireadenright /status/938730205304250369 …		7	#solidariTEA		22	2017-12-07 12:54:03	12	7	12
0		Offering my #solidariTEA from #SRHE2017 in Wales! See work with @kellycoate on gender and prestige http://www. tandfonline.com/doi/abs/10.108 0/01425692.2014.955082 … with more coming soon! #impact @KingsCollegeLon @KingsSSPP @policyatkings	@kellycoate @KingsCollegeLon @KingsSSPP @policyatkings	8	#solidariTEA #SRHE2017 #impact		12	2017-12-07 12:49:11	12	7	12
0		#solidariTEA from Manchester @soccaremanmet pic.twitter.com/29WPmOyT9x	@soccaremanmet	5	#solidariTEA		11	2017-12-07 12:45:30	12	7	12
0		Off to make my solidarity cuppa here in Cork to stand with the women of @nuigalway against gender discrimination in #HigherEducation #solidariTEA @NUIGsolidariTEA Ps its Yorkshire tea, not Barry's! pic.twitter.com/kFqZ5NlA3t	@nuigalway @NUIGsolidariTEA	7	#HigherEducation #solidariTEA		15	2017-12-07 12:44:31	12	7	12
0		#solidariTEA ! Tremendous support for the 4 women fighting for gender equality at NUI Galway! pic.twitter.com/3YlMLq3k76		31	#solidariTEA		67	2017-12-07 12:41:19	12	7	12
0		Taking a break from essays to stand in #solidariTEA with my fellow academics. End gender discrimination in higher education. @NUIGsolidariTEA pic.twitter.com/zvjQWOsInf	@NUIGsolidariTEA	5	#solidariTEA		14	2017-12-07 12:40:57	12	7	12
0		Solidarity at @EdinburghUni from students and staff @NUIGsolidariTEA #solidariTEA pic.twitter.com/xHLumCtx2I	@EdinburghUni @NUIGsolidariTEA	7	#solidariTEA		24	2017-12-07 12:38:21	12	7	12
0		#solidariTEA @MichelineShSk The best TEA ever this morning, tea with hugs and gratitude for the great women that pick up the legacy of our grandmothers and great-grandmothers and remind us to charge forward and lean back. THANK YOU!	@MichelineShSk	8	#solidariTEA		23	2017-12-07 12:37:39	12	7	12
0		Checking in from sunny #Santiago #Chile . They don't have Lyons or Barry's here, so morning coffee with my friends @nuigalway @NUIGsolidariTEA #solidariTEA pic.twitter.com/4YCRUnUVnI	@nuigalway @NUIGsolidariTEA	5	#Santiago #Chile #solidariTEA		24	2017-12-07 12:31:51	12	7	12
0		#solidariTEA @NUIGsolidariTEA at Edinburgh University pic.twitter.com/zAYaJR4j4H	@NUIGsolidariTEA	8	#solidariTEA		14	2017-12-07 12:31:01	12	7	12
0		#solidariTEA with @NUIGsolidariTEA from Durham. pic.twitter.com/1q7Rd9H0BN	@NUIGsolidariTEA	8	#solidariTEA		16	2017-12-07 12:28:27	12	7	12
0		Some coffee-infused #solidariTEA with my female colleagues at @nuigalway @NUIGsolidariTEA against systemic gender discrimination. pic.twitter.com/m9zZ16lOon	@nuigalway @NUIGsolidariTEA	5	#solidariTEA		12	2017-12-07 12:22:59	12	7	12
0		@kellycoate gives a talk about gender discrimination in Higher Education at #KingsCollegeLondon #solidariTEA https:// twitter.com/gskupinski93/s tatus/938727625010315265 …	@kellycoate	5	#KingsCollegeLondon #solidariTEA		11	2017-12-07 12:22:38	12	7	12
0		#solidariTEA with women at NUIG. pic.twitter.com/0uJbtKt0gM		4	#solidariTEA		18	2017-12-07 12:21:36	12	7	12
0		Amazing display of #solidariTEA from staff, students and the wider community supporting gender equality at NUI Galway. pic.twitter.com/evrVOCT73W		10	#solidariTEA		26	2017-12-07 12:21:00	12	7	12
0		#solidariTEA pic.twitter.com/ROleaIO0vD		3	#solidariTEA		13	2017-12-07 12:20:04	12	7	12
0		#solidariTEA from this @nuigalway grad. & Yoda. Thanks for continuing to campaign for gender equality @NUIGsolidariTEA pic.twitter.com/dFJxGCgDsI	@nuigalway @NUIGsolidariTEA	3	#solidariTEA		8	2017-12-07 12:17:52	12	7	12
0		Working from home today - but full support for #solidariTEA		4	#solidariTEA		8	2017-12-07 12:16:31	12	7	12
0		Solidarity @NUIGsolidariTEA from the Hanna Sheehy Skeffington @ucddublin #SolidariTEA pic.twitter.com/WuVJBxODkF	@NUIGsolidariTEA @ucddublin	5	#SolidariTEA		16	2017-12-07 12:14:55	12	7	12
0		@gcs_ul & Gender ARC UL raising a cup in #solidariTEA with our colleagues @NUIGsolidariTEA pic.twitter.com/c4j1WjzPe9	@gcs_ul @NUIGsolidariTEA	11	#solidariTEA		18	2017-12-07 12:14:37	12	7	12
0		#solidariTEA to @NUIGsolidariTEA from Newcastle. pic.twitter.com/o0HmplYFeU	@NUIGsolidariTEA	6	#solidariTEA		12	2017-12-07 12:13:22	12	7	12
0		Learning more about gender discrimination in Irish Higher Education with @kellycoate #solidariTEA #kingscollegelondon pic.twitter.com/RL6p51O7Vl	@kellycoate	11	#solidariTEA #kingscollegelondon		25	2017-12-07 12:11:21	12	7	12
0		Brilliant turn out and lovely atmosphere for #solidariTEA at NUIG. Well done all, in Galway and beyond. https:// twitter.com/NUIGsolidariTE A/status/938719703970844678 …		5	#solidariTEA		10	2017-12-07 12:11:15	12	7	12
0		Despite what my mug says, I do have very strong views against discrimination in the workplace. #SolidariTEA @NUIGsolidariTEA pic.twitter.com/nLYakr1e9A	@NUIGsolidariTEA	4	#SolidariTEA		14	2017-12-07 12:09:49	12	7	12
0		Solidarity and support from @EdinburghUni students and staff @NUIGsolidariTEA #solidariTEA #genderdiscrimination	@EdinburghUni @NUIGsolidariTEA	5	#solidariTEA #genderdiscrimination		13	2017-12-07 12:09:19	12	7	12
0		Sending peppermint #SolidariTEA to @NUIGsolidariTEA from Birmingham. The fight against gender discrimination is a shared one. pic.twitter.com/TJ2KeThwwI	@NUIGsolidariTEA	10	#SolidariTEA		27	2017-12-07 12:09:10	12	7	12
0		Supporting #solidariTEA @LimerickIT @AppSocScs_LIT @IrishLimericker @NUIGsolidariTEA @worried_teacher @lorrainetansey @stritchj @lisascottpsych pic.twitter.com/nuloUSvU4c	@LimerickIT @AppSocScs_LIT @IrishLimericker @NUIGsolidariTEA @worried_teacher @lorrainetansey @stritchj @lisascottpsych	4	#solidariTEA		16	2017-12-07 12:07:20	12	7	12
0		Showing support to the those opposing gender discrimination in the Irish Higher Education system #solidariTEA Thanks #sspp and @kellycoate for holding cake sale @KingsCollegeLon pic.twitter.com/QrIXdJrrBS	@kellycoate @KingsCollegeLon	7	#solidariTEA #sspp		13	2017-12-07 12:07:14	12	7	12
0		#SolidariTEA this morning @tcddublin - supporting staff @nuigalway #HigherEd https:// twitter.com/megafloods/sta tus/938708880816734208 …	@tcddublin @nuigalway	8	#SolidariTEA #HigherEd		19	2017-12-07 12:02:10	12	7	12
0		Raising a cup in #solidariTEA with out colleagues in NUIG @NUIGsolidariTEA https:// twitter.com/drtinamorin/st atus/938716382010789888 …	@NUIGsolidariTEA	3	#solidariTEA		10	2017-12-07 12:02:06	12	7	12
0		It's 7pm where I am so I'm having a beer in #solidariTEA with friends and colleagues @nuigalway @NUIGsolidariTEA pic.twitter.com/nEinVupp9R	@nuigalway @NUIGsolidariTEA	10	#solidariTEA		29	2017-12-07 12:01:34	12	7	12
0		In #solidariTEA with women at NUI Galway, time to end gender bias and discrimination in higher education @NUIGsolidariTEA pic.twitter.com/vjcRalzKuT	@NUIGsolidariTEA	10	#solidariTEA		23	2017-12-07 11:58:27	12	7	11
0		#solidariTEA @NUIGsolidariTEA Sharing a rainy day cup of tea with you. pic.twitter.com/KpbwqMtouV	@NUIGsolidariTEA	4	#solidariTEA		8	2017-12-07 11:57:47	12	7	11
0		My #solidariTEA this morning. @CGFS_UCD pic.twitter.com/ROi2RNL3LT	@CGFS_UCD	6	#solidariTEA		14	2017-12-07 11:56:28	12	7	11
0		WOW Exciting heading to #solidariTEA @nuigalway @NUIGsolidariTEA	@nuigalway @NUIGsolidariTEA	3	#solidariTEA		5	2017-12-07 11:52:29	12	7	11
0		Podremos ver @CalleSalvador y a @RubenM_Oficial y disfrutar de su arte y su solidaridad en #AlcaladeHenares #Alcala #Navidad #NavidadAlcalá #solidariTEA #Solidaridad #music pic.twitter.com/9GyPT69iQt	@CalleSalvador @RubenM_Oficial	7	#AlcaladeHenares #Alcala #Navidad #NavidadAlcalá #solidariTEA #Solidaridad #music		8	2017-12-07 11:51:22	12	7	11
0		Raising a cup in support for NUIG colleagues #solidariTEA from Patricia in @SchoolOfEd_UL @NUIGsolidariTEA @GrainneWalshe @marygtroche pic.twitter.com/Rby5uGBNYT	@SchoolOfEd_UL @NUIGsolidariTEA @GrainneWalshe @marygtroche	10	#solidariTEA		31	2017-12-07 11:48:26	12	7	11
0		@folieadeuxed , myself Rachel, Adrienne, Ciaran, Tina at #solidariTEA pic.twitter.com/WvdcJj8dSH	@folieadeuxed	5	#solidariTEA		11	2017-12-07 11:47:56	12	7	11
0		Delighted to be showing #solidariTEA to our colleagues at NUIG @NUIGsolidariTEA @HPRC_NUIG @NUIG_Medicine pic.twitter.com/LbrNjUZ1yU	@NUIGsolidariTEA @HPRC_NUIG @NUIG_Medicine	13	#solidariTEA		33	2017-12-07 11:47:03	12	7	11
0		Tadgh and Ursula at #solidariTEA (it's his first selfie!) pic.twitter.com/8pmNz7KT6q		5	#solidariTEA		24	2017-12-07 11:46:34	12	7	11
0		@NUIGsolidariTEA in full solidarity with my friends and former colleagues @nuigalway from @DurhamLawSchool #genderequality within #HE is a must! #solidariTEA pic.twitter.com/u2qxfcB4EE	@NUIGsolidariTEA @nuigalway @DurhamLawSchool	9	#genderequality #HE #solidariTEA		21	2017-12-07 11:45:29	12	7	11
0		#solidariTEA bake sale and coffee morning happening at Bush House NE floor 2 social space till 11.30, with a talk from @kellycoate at 11 - please pop on over and show your support against discrimination in the Higher Education system! #Education pic.twitter.com/rPVzivYMfO	@kellycoate	4	#solidariTEA #Education		13	2017-12-07 11:45:20	12	7	11
0		The din in the Orbsen building @nuigalway at #solidariTEA was massive. Huge crowd here! pic.twitter.com/zcGuy13Ib5	@nuigalway	12	#solidariTEA		34	2017-12-07 11:45:17	12	7	11
0		@NUIGsolidariTEA in full solidarity with my friends and former colleagues @nuigalway from @DurhamLawSchool #genderequality within #HE is a must! #solidariTEA pic.twitter.com/blnq66Cu5v	@NUIGsolidariTEA @nuigalway @DurhamLawSchool	7	#genderequality #HE #solidariTEA		10	2017-12-07 11:44:42	12	7	11
0		#solidariTEA from MU a big cheers! @NUIGsolidariTEA #genderequality @KEnglishLab @FionaWalsh14 pic.twitter.com/5Zc9CQvqWE	@NUIGsolidariTEA @KEnglishLab @FionaWalsh14	5	#solidariTEA #genderequality		19	2017-12-07 11:42:14	12	7	11
0		Organisers and chief provocateur @MichelineShSk #solidariTEA pic.twitter.com/0hvAlsrkkJ	@MichelineShSk	9	#solidariTEA		24	2017-12-07 11:39:52	12	7	11
0		Coffee @bristolunilaw in #solidariTEA with friends and those who taught me @nuigalway @NUIGsolidariTEA pic.twitter.com/zaZDzhbfRT	@bristolunilaw @nuigalway @NUIGsolidariTEA	8	#solidariTEA		19	2017-12-07 11:39:16	12	7	11
0		Two things are certain in life: 1. Women need equal opportunities 2. You can't beat a good cup of tea #solidariTEA pic.twitter.com/7qwHvQDG4V		6	#solidariTEA		22	2017-12-07 11:37:42	12	7	11
0		All enjoying their #solidariTEA coffee morning here @ucddublin in the Hanna Sheehy Skeffington Bld. Raising a cup to our 4 brave colleagues in @nuigalway @NUIGsolidariTEA @CGFS_UCD pic.twitter.com/ZPwXT2pW6a	@ucddublin @nuigalway @NUIGsolidariTEA @CGFS_UCD	12	#solidariTEA		49	2017-12-07 11:36:33	12	7	11
0		Tea/coffee and lots of lovely baked goods here in the orbsen building foyer @nuigalway for @NUIGsolidariTEA #SolidariTEA pic.twitter.com/UbponwL5Y5	@nuigalway @NUIGsolidariTEA	3	#SolidariTEA		15	2017-12-07 11:33:43	12	7	11
0		Enjoying a cuppa here in #Cardiff in support of @NUIGsolidariTEA #solidariTEA #genderdiscrimination pic.twitter.com/FnO9EjvdL5	@NUIGsolidariTEA	7	#Cardiff #solidariTEA #genderdiscrimination		31	2017-12-07 11:33:38	12	7	11
0		Homemade coffee in support of #NUIGsolidariTEA #solidariTEA pic.twitter.com/RVNlEjblA0		3	#NUIGsolidariTEA #solidariTEA		6	2017-12-07 11:31:15	12	7	11
0		Raising a cup in #solidariTEA with @maggieoneillt @NUIGsolidariTEA pic.twitter.com/mSlQ4YFyON	@maggieoneillt @NUIGsolidariTEA	0	#solidariTEA		8	2017-12-07 11:26:40	12	7	11
0		virtual herbal tea from me in support of #solidariTEA https:// twitter.com/enortee/status /938712189367672833 …		3	#solidariTEA		11	2017-12-07 11:25:39	12	7	11
0		Stand up against gender discrimination in higher education #solidariTEA #kingscollegelondon pic.twitter.com/otJYPkUStQ		7	#solidariTEA #kingscollegelondon		16	2017-12-07 11:23:38	12	7	11
0		Tweet from Muriel Grenon: Success for today's @NUIGsolidariTEA coffee morning! #solidariTEA http:// dlvr.it/Q4nD1G	@NUIGsolidariTEA	3	#solidariTEA		6	2017-12-07 11:23:06	12	7	11
0		#solidariTEA bake sale and coffee morning at King’s College, fighting discrimination against women in Irish Higher Education! pic.twitter.com/1cKibjRk3y		9	#solidariTEA		32	2017-12-07 11:22:53	12	7	11
0		So sorry I can't make it to @NUIGsolidariTEA @nuigalway this morning but raising a virtual cuppa here to show #solidariTEA https:// twitter.com/Chris__Noone/s tatus/938703998382759937 …	@NUIGsolidariTEA @nuigalway	6	#solidariTEA		14	2017-12-07 11:22:41	12	7	11
0		Success for today's @NUIGsolidariTEA coffee morning! #solidariTEA pic.twitter.com/F9UHuj5vdi	@NUIGsolidariTEA	7	#solidariTEA		24	2017-12-07 11:21:09	12	7	11
0		Yay. Cool family! #SolidariTEA		0	#SolidariTEA		1	2017-12-07 11:18:15	12	7	11
0		Youngest supporter #solidariTEA pic.twitter.com/GJSdI3tqPp		5	#solidariTEA		36	2017-12-07 11:17:30	12	7	11
0		#solidariTEA pic.twitter.com/PV5ChJj8tE		3	#solidariTEA		9	2017-12-07 11:15:41	12	7	11
0		#solidariTEA pic.twitter.com/OoWNyDbRXm		3	#solidariTEA		9	2017-12-07 11:12:56	12	7	11
0		#SolidariTEA doughnuts @CGFS_UCD and equality studies centre coffee morning at UCD @NUIGsolidariTEA pic.twitter.com/JJTYVOzq4a	@CGFS_UCD @NUIGsolidariTEA	9	#SolidariTEA		24	2017-12-07 11:11:27	12	7	11
0		Having coffee in Liverpool in support of @NUIGsolidariTEA #solidariTEA pic.twitter.com/Wa6t8lLy2T	@NUIGsolidariTEA	6	#solidariTEA		28	2017-12-07 11:10:01	12	7	11
0		Not in Galway? Take a #solidariTEA selfie and share @WISPS_UK @devorahshawa https:// twitter.com/NUIGsolidariTE A/status/935181469584158721 …	@WISPS_UK @devorahshawa	6	#solidariTEA		12	2017-12-07 11:05:19	12	7	11
0		Here’s to #solidariTEA and working together to make Irish higher education a global leader in equality & diversity! @NUIGsolidariTEA pic.twitter.com/U4CEIpwrfe	@NUIGsolidariTEA	7	#solidariTEA		29	2017-12-07 11:03:45	12	7	11
0		#SolidariTEA Time!!! Have a cuppa between 10 and 12 to support women fighting #genderdiscrimination in #NUIG Galway University. @NUIGSolidariTEA	@NUIGSolidariTEA	5	#SolidariTEA #genderdiscrimination #NUIG		7	2017-12-07 11:03:38	12	7	11
0		We are already on the place to support #solidariTEA pic.twitter.com/jwdX6tM531		6	#solidariTEA		13	2017-12-07 11:03:16	12	7	11
0		Many thanks to Antons Cafe for donating some of their famous brownies. #solidariTEA pic.twitter.com/QSpClTWv3H		4	#solidariTEA		13	2017-12-07 10:59:42	12	7	10
0		Getting set up here at Bush House (NE) London #solidariTEA Please join us! pic.twitter.com/maxU7k0cET		4	#solidariTEA		14	2017-12-07 10:59:32	12	7	10
0		My family @NUIGsolidariTEA #solidariTEA pic.twitter.com/ulo5TGrfQO	@NUIGsolidariTEA	10	#solidariTEA		40	2017-12-07 10:58:00	12	7	10
0		Halfway through my morning pot of #solidaritea and raising a cup for gender equality!		4	#solidaritea		9	2017-12-07 10:57:11	12	7	10
0		The Dean of Graduate Studies and his committee support our colleagues @nuigalway who have been seeking redress from the University for gender discrimination. #solidariTEA @nuigsolidariTEA @tcddublin @TCDGenderEq @Niamh_NicGhabh pic.twitter.com/OExHl530Qd	@nuigalway @nuigsolidariTEA @tcddublin @TCDGenderEq @Niamh_NicGhabh	9	#solidariTEA		26	2017-12-07 10:56:52	12	7	10
0		In #solidariTEA with our colleagues @nuigalway , we will be raising a cuppa to them today at 11am, Room 11.01 David Hume Tower in Edinburgh Uni. https:// twitter.com/NUIGsolidariTE A/status/935181469584158721 …	@nuigalway	4	#solidariTEA		11	2017-12-07 10:52:48	12	7	10
0		Today is the day! I look forward to @NUIGsolidariTEA to support our 4 female academics who are holding @nuigalway to account for #genderdiscrimination . Equality Coffee morning, 10-12, TODAY 7Dec, Orbsen lobby RT #solidariTEA @Afshin_Samali	@NUIGsolidariTEA @nuigalway @Afshin_Samali	2	#genderdiscrimination #solidariTEA		3	2017-12-07 10:50:10	12	7	10
0		Sorry I can't be there today. I'm raising my cup of #solidariTEA for these brave and inspiring women. https:// twitter.com/NUIGsolidariTE A/status/935181469584158721 …		3	#solidariTEA		9	2017-12-07 10:45:47	12	7	10
0		Come along to the Orbsen building in @nuigalway to show #solidariTEA for our colleagues fighting for gender equality. Coffee, tea and treats from 10 to 12! Great to see other universities around the world joining in! Follow @NUIGsolidariTEA for more pic.twitter.com/UDiyVnKvTc	@nuigalway @NUIGsolidariTEA	7	#solidariTEA		15	2017-12-07 10:37:28	12	7	10
0		standing up for equality and justice today. #solidariTEA https:// twitter.com/nuigsolidarite a/status/935181469584158721 …		3	#solidariTEA		11	2017-12-07 10:36:15	12	7	10
0		Today is the day! Raise a cup to show your #solidariTEA with our colleagues #genderdiscrimination https:// twitter.com/nuigsolidarite a/status/935181469584158721 …		5	#solidariTEA #genderdiscrimination		8	2017-12-07 10:19:14	12	7	10
0		Raising a cup of strong Swedish coffee in the University of Goteborg for #solidariTEA . Standing up for my Mother and her colleagues + all those women dealing with #genderdiscrimination in NUI Galway @NUIGsolidariTEA #IrishExpat pic.twitter.com/Dgp7TVV4HF	@NUIGsolidariTEA	8	#solidariTEA #genderdiscrimination #IrishExpat		12	2017-12-07 10:12:18	12	7	10
0		Our first selfTEA of the day #solidariTEA https:// twitter.com/Eric_Chevet/st atus/938694912719106048 …		5	#solidariTEA		13	2017-12-07 10:05:08	12	7	10
0		French Coffee in support of @NUIGsolidariTEA #solidariTEA pic.twitter.com/kboSibZNWO	@NUIGsolidariTEA	6	#solidariTEA		15	2017-12-07 10:01:21	12	7	10
0		Remember UCD colleagues, #solidariTEA with these brave women, 10am, Room 101 in Hannah Sheehy Skeffington building! https:// twitter.com/NUIGsolidariTE A/status/938080581337874432 …		8	#solidariTEA		8	2017-12-07 09:54:16	12	7	9
0		Women of Wageningen University law and public administration groups having a cup of #solidariTEA for #genderequality @NUIGsolidariTEA pic.twitter.com/watpLfbTHS	@NUIGsolidariTEA	8	#solidariTEA #genderequality		29	2017-12-07 09:44:23	12	7	9
0		Today is the day! I look forward to @NUIGsolidariTEA to support our 4 female academics who are holding @nuigalway to account for #genderdiscrimination . Equality Coffee morning, 10-12, TODAY 7Dec, Orbsen lobby or raise a cup on twitter wherever you are and tweet a pic #solidariTEA pic.twitter.com/RRW1KxVmxs	@NUIGsolidariTEA @nuigalway	6	#genderdiscrimination #solidariTEA		9	2017-12-07 09:43:56	12	7	9
0		Heading to the #solidariTEA at UCD this morning, then the Equity Diversity and Inclusion event, where among other great speakers @UCD_iSchool 's Claire Nolan will be giving a lightning talk and poster on structural gender bias in admin job grading.	@UCD_iSchool	6	#solidariTEA		18	2017-12-07 09:36:45	12	7	9
0		Preparing to set out for a walk in the rain and the dark in a Breton town and wishing I was having #solidariTEA with my lovely colleagues.		4	#solidariTEA		7	2017-12-07 07:50:56	12	7	7
0		#Solidaridad #solidarity #solidariTEA		2	#Solidaridad #solidarity #solidariTEA		5	2017-12-07 07:09:08	12	7	7
0		Follow @NUIGsolidariTEA , show your support & solidarity with these 4 women academics who have been holding NUIG to account for #genderdiscrimination for 3 years. Join equality Coffee morning, 10am to 12pm, Thursday 7 December, Orbsen lobby or raise a cup on twitter #solidariTEA pic.twitter.com/Jnljx7yBW5	@NUIGsolidariTEA	5	#genderdiscrimination #solidariTEA		6	2017-12-07 01:01:04	12	7	1
0		Support colleagues @nuigalway who have been seeking redress for gender discrimination #solidariTEA 7Dec @nuigsolidariTEA @MichelineShSk pic.twitter.com/bx6nQaQo88	@nuigalway @nuigsolidariTEA @MichelineShSk	5	#solidariTEA		9	2017-12-07 00:32:54	12	7	0
0		#SolidariTEA is only hours away! Have a cuppa THURS 7 Dec 10am-12 to support gender equality in academia. Tag & post ur photo. Please follow, support & RT this account @NUIGsolidariTEA These brave women have been holding #NUIG to account for #genderdiscrimination for 3 YEARS! pic.twitter.com/mzW93K52sC	@NUIGsolidariTEA	5	#SolidariTEA #NUIG #genderdiscrimination		7	2017-12-06 23:42:27	12	6	23
0		Making cookies for tomorrow’s #solidaritea with @NUIGsolidariTEA at 10 in the Orbsen building. They are delicious, according to my 15yr old daughter. pic.twitter.com/WWiqLTGlv0	@NUIGsolidariTEA	1	#solidaritea		29	2017-12-06 22:41:01	12	6	22
0		I was struggling with baking! My mum will join #solidariTEA tomorrow. She could not get the hang of twitter. So she baked 3 cakes (including a gluten free one) and left me to focus on tweeting! My 2 teenagers will be taking half day from school to join @NUIGsolidariTEA . pic.twitter.com/kMxXhKwdz6	@NUIGsolidariTEA	0	#solidariTEA		15	2017-12-06 22:33:55	12	6	22
0		Individually or group #solidariTEA equality coffee/tea morning are happening tomorrow in most HEIs @HEA . Many researchers funded by @scienceirel @IrishResearch @hrbireland @EU_H2020 @MSCActions @IrishCancerSoc will stand in solidarity with their colleagues @NUIGsolidariTEA https:// twitter.com/Afshin_Samali/ status/938462561263144966 …	@HEA @scienceirel @IrishResearch @hrbireland @EU_H2020 @MSCActions @IrishCancerSoc @NUIGsolidariTEA	3	#solidariTEA		6	2017-12-06 21:17:36	12	6	21
0		Brilliant. See you then #solidariTEA is on me xx		1	#solidariTEA		2	2017-12-06 21:05:53	12	6	21
0		Meeting offsite from 11 to 1 and commitments after that but am around before 10:30am - but will be sipping in spirit wherever I am! #solidariTEA #womeninhighered pic.twitter.com/XSBR1ejwYf		1	#solidariTEA #womeninhighered		2	2017-12-06 20:43:41	12	6	20
0		Hey Limerickers - are ye around tomorrow and we can meet and have a cup of #solidariTEA in LIT to support our brilliant brave NUIG colleagues?		5	#solidariTEA		11	2017-12-06 20:41:10	12	6	20
0		Tomorrow Karen, Fiona and I will meet at 10 am at Chill in MU for a cuppa in support of the 4 women in NUI Galway fighting their #genderequality battle. Pop by for chat about #solidariTEA @FionaWalsh14 @KEnglishLab @NUIGsolidariTEA	@FionaWalsh14 @KEnglishLab @NUIGsolidariTEA	7	#genderequality #solidariTEA		12	2017-12-06 20:40:35	12	6	20
0		Worth doing every day!! #solidariTEA pic.twitter.com/1qUp4qKUA9		3	#solidariTEA		7	2017-12-06 20:28:41	12	6	20
0		Ahead of yourself - come tomorrow #SolidariTEA		1	#SolidariTEA		4	2017-12-06 20:10:27	12	6	20
0		You're early ! - join us too tomorrow from 10-12 #solidariTEA		1	#solidariTEA		5	2017-12-06 20:09:05	12	6	20
0		Missed this mornings events so I'm having my #cuppa now in support of #solidariTEA @NUIGsolidariTEA @lorrainetansey @AppSocScs_LIT @IrishLimericker @lisascottpsych @stritchj @DrMattCannon pic.twitter.com/9qw1y1resx	@NUIGsolidariTEA @lorrainetansey @AppSocScs_LIT @IrishLimericker @lisascottpsych @stritchj @DrMattCannon	3	#cuppa #solidariTEA		8	2017-12-06 19:33:14	12	6	19
0		Join equality Coffee morning, 10am to 12pm, Thursday 7 December, Orbsen lobby or raise a cup on twitter. #solidariTEA pic.twitter.com/ipnTlWzh8R		9	#solidariTEA		15	2017-12-06 18:41:19	12	6	18
0		Follow @NUIGsolidariTEA and show your support and solidarity with 4 women academic who have been holding NUIG account for #genderdiscrimination for 3 years. Join equality Coffee morning, 10am to 12pm, Thursday 7 December, Orbsen lobby or raise a cup on twitter. #solidariTEA	@NUIGsolidariTEA	13	#genderdiscrimination #solidariTEA		15	2017-12-06 18:38:05	12	6	18
0		Join us tomorrow morning for #solidaritTEA with our colleagues in NUI Galway. I've made a bakewell tart and everything. That's what I call #solidariTEA . 10am, Room 101, Hannah Sheehy Skeffington Building, ALL WELCOME pic.twitter.com/xf1iM5CXfV		12	#solidaritTEA #solidariTEA		14	2017-12-06 18:09:24	12	6	18
0		Looking forward attending @NUIGsolidariTEA tomorrow and showing #solidariTEA with female academics at Leinster Hse	@NUIGsolidariTEA	5	#solidariTEA		6	2017-12-06 16:13:42	12	6	16
0		#solidariTEA https:// twitter.com/NUIGsolidariTE A/status/935181469584158721 …		0	#solidariTEA		1	2017-12-06 16:00:57	12	6	16
0		Many thanks to the colleagues at TCD who stand with us in #solidariTEA . https:// twitter.com/megafloods/sta tus/937959747369820160 …		5	#solidariTEA		7	2017-12-06 13:56:07	12	6	13
0		NCAD colleagues joining us in #solidariTEA tomorrow - many, many thanks. @theligac	@theligac	2	#solidariTEA		6	2017-12-06 13:54:59	12	6	13
0		WOW great to see @NUIGalwayAlumni supporting @NUIGsolidariTEA across the world in Sweden, London, Chile, Canada #solidariTEA @nuigalway @galwayad pic.twitter.com/IEnQrVS036	@NUIGalwayAlumni @NUIGsolidariTEA @nuigalway @galwayad	2	#solidariTEA		8	2017-12-06 10:22:19	12	6	10
